Subject,Start Date,End Date,All Day Event
ਅਰੰਭਤਾ ਸੰਮਤ ਨਾਨਕਸ਼ਾਹੀ ੫੫੭,2025-03-14,2025-03-14,TRUE
ਸ. ਬਘੇਲ ਸਿੰਘ ਵੱਲੋਂ ਦਿੱਲੀ ਫਤਿਹ,2025-03-15,2025-03-15,TRUE
ਸ਼ਹੀਦੀ ਦਿਹਾੜਾ ਸ: ਭਗਤ ਸਿੰਘ,2025-03-23,2025-03-23,TRUE
ਸ਼ਹੀਦੀ ਦਿਹਾੜਾ ਭਾਈ ਸੁਬੇਗ ਸਿੰਘ ਭਾਈ ਸ਼ਾਹਬਾਜ ਸਿੰਘ ਜੀ,2025-03-25,2025-03-25,TRUE
ਜੋਤੀ-ਜੋਤਿ ਦਿਵਸ ਸ੍ਰੀ ਗੁਰੂ ਅੰਗਦ ਦੇਵ ਸਾਹਿਬ ਜੀ,2025-04-01,2025-04-01,TRUE
ਜੋਤੀ-ਜੋਤਿ ਦਿਵਸ ਸ੍ਰੀ ਗੁਰੂ ਹਰਿਗੋਬਿੰਦ ਸਾਹਿਬ ਜੀ,2025-04-02,2025-04-02,TRUE
ਪ੍ਰਕਾਸ਼ ਗੁਰਪੁਰਬ ਸ੍ਰੀ ਗੁਰੂ ਅਮਰਦਾਸ ਸਾਹਿਬ ਜੀ,2025-05-04,2025-05-04,TRUE
ਪ੍ਰਕਾਸ਼ ਗੁਰਪੁਰਬ ਸ੍ਰੀ ਗੁਰੂ ਅਰਜਨ ਦੇਵ ਸਾਹਿਬ ਜੀ,2025-04-21,2025-04-21,TRUE
ਪ੍ਰਕਾਸ਼ ਗੁਰਪੁਰਬ ਸ੍ਰੀ ਗੁਰੂ ਤੇਗ ਬਹਾਦਰ ਸਾਹਿਬ ਜੀ,2025-04-18,2025-04-18,TRUE
ਪ੍ਰਕਾਸ਼ ਗੁਰਪੁਰਬ ਸ੍ਰੀ ਗੁਰੂ ਅੰਗਦ ਦੇਵ ਸਾਹਿਬ ਜੀ,2025-04-29,2025-04-29,TRUE
ਖਾਲਸਾ ਸਾਜਣਾ ਦਿਵਸ (ਵੈਸਾਖੀ),2025-04-14,2025-04-14,TRUE
ਸਿੱਖ ਦਸਤਾਰ ਦਿਵਸ,2025-04-14,2025-04-14,TRUE
ਜਨਮ ਦਿਹਾੜਾ ਭਗਤ ਧੰਨਾ ਜੀ,2025-04-21,2025-04-21,TRUE
ਜਨਮ ਦਿਹਾੜਾ ਸ. ਜੱਸਾ ਸਿੰਘ ਜੀ ਰਾਮਗੜੀਆ,2025-05-04,2025-05-04,TRUE
ਗੁਰਿਆਈ ਦਿਵਸ ਸ੍ਰੀ ਗੁਰੂ ਹਰਿਗੋਬਿੰਦ ਸਾਹਿਬ ਜੀ,2025-05-22,2025-05-22,TRUE
ਸ਼ਹੀਦੀ ਦਿਵਸ ਸ੍ਰੀ ਗੁਰੂ ਅਰਜਨ ਦੇਵ ਸਾਹਿਬ ਜੀ,2025-06-02,2025-06-02,TRUE
ਘੱਲੂਘਾਰਾ ਸ੍ਰੀ ਅਕਾਲ ਤਖ਼ਤ ਸਾਹਿਬ (੧੯੮੪),2025-06-04,2025-06-04,TRUE
ਜਨਮ ਦਿਹਾੜਾ ਭਗਤ ਕਬੀਰ ਜੀ,2025-06-11,2025-06-11,TRUE
ਪ੍ਰਕਾਸ ਗੁਰਪੁਰਬ ਸ੍ਰੀ ਗੁਰੂ ਹਰਿਗੋਬਿੰਦ ਸਾਹਿਬ ਜੀ,2025-06-11,2025-06-11,TRUE
ਸ਼ਹੀਦੀ ਦਿਹਾੜਾ ਬਾਬਾ ਬੰਦਾ ਸਿੰਘ ਜੀ ਬਹਾਦਰ,2025-06-25,2025-06-25,TRUE
ਬਰਸੀ ਮਹਾਰਾਜਾ ਰਣਜੀਤ ਸਿੰਘ ਜੀ,2025-06-28,2025-06-28,TRUE
ਸ਼ਹੀਦੀ ਦਿਹਾੜਾ ਭਾਈ ਮਨੀ ਸਿੰਘ ਜੀ,2025-07-04,2025-07-04,TRUE
ਸ਼ਹੀਦੀ ਦਿਹਾੜਾ ਭਾਈ ਤਾਰੂ ਸਿੰਘ ਜੀ,2025-07-16,2025-07-16,TRUE
ਪ੍ਰਕਾਸ਼ ਗੁਰਪੁਰਬ ਸ੍ਰੀ ਗੁਰੂ ਹਰਿਕ੍ਰਿਸ਼ਨ ਸਾਹਿਬ ਜੀ,2025-07-23,2025-07-23,TRUE
ਸ਼ਹੀਦੀ ਦਿਹਾੜਾ ਸ. ਉਧਮ ਸਿੰਘ,2025-07-31,2025-07-31,TRUE
ਮੋਰਚਾ ਗੁਰੂ ਕਾ ਬਾਗ (ਸ੍ਰੀ ਅੰਮ੍ਰਿਤਸਰ),2025-08-08,2025-08-08,TRUE
ਭਾਰਤ ਦਾ ਅਜ਼ਾਦੀ ਦਿਵਸ,2025-08-15,2025-08-15,TRUE
ਪਹਿਲਾ ਪ੍ਰਕਾਸ਼ ਗੁਰਪੁਰਬ ਸ੍ਰੀ ਗੁਰੂ ਗ੍ਰੰਥ ਸਾਹਿਬ ਜੀ,2025-08-16,2025-08-16,TRUE
ਜੋਤੀ-ਜੋਤਿ ਦਿਵਸ ਸ੍ਰੀ ਗੁਰੂ ਰਾਮਦਾਸ ਸਾਹਿਬ ਜੀ,2025-09-02,2025-09-02,TRUE
ਜੋਤੀ-ਜੋਤਿ ਦਿਵਸ ਸ੍ਰੀ ਗੁਰੂ ਅਮਰਦਾਸ ਸਾਹਿਬ ਜੀ,2025-09-07,2025-09-07,TRUE
ਗੁਰਿਆਈ ਦਿਵਸ ਸ੍ਰੀ ਗੁਰੂ ਅੰਗਦ ਦੇਵ ਸਾਹਿਬ ਜੀ,2025-09-12,2025-09-12,TRUE
ਜੋਤੀ-ਜੋਤਿ ਦਿਵਸ ਸ੍ਰੀ ਗੁਰੂ ਨਾਨਕ ਦੇਵ ਸਾਹਿਬ ਜੀ,2025-09-18,2025-09-18,TRUE
ਪ੍ਰਕਾਸ ਗੁਰਪੁਰਬ ਸ੍ਰੀ ਗੁਰੂ ਰਾਮਦਾਸ ਸਾਹਿਬ ਜੀ,2025-10-12,2025-10-12,TRUE
ਗੁਰਿਆਈ ਦਿਵਸ ਸ੍ਰੀ ਗੁਰੂ ਹਰਿਕ੍ਰਿਸ਼ਨ ਸਾਹਿਬ ਜੀ,2025-10-14,2025-10-14,TRUE
ਬੰਦੀ ਛੋਡ ਦਿਵਸ (ਦੀਵਾਲੀ),2025-10-19,2025-10-19,TRUE
ਗੁਰਿਆਈ ਦਿਵਸ ਸ੍ਰੀ ਗੁਰੂ ਗ੍ਰੰਥ ਸਾਹਿਬ ਜੀ,2025-10-20,2025-10-20,TRUE
ਸਾਕਾ ਪੰਜਾ ਸਾਹਿਬ (ਪਾਕਿਸਤਾਨ),2025-10-29,2025-10-29,TRUE
ਪੰਜਾਬੀ ਸੂਬਾ ਦਿਵਸ,2025-11-01,2025-11-01,TRUE
ਪ੍ਰਕਾਸ਼ ਗੁਰਪੁਰਬ ਸ੍ਰੀ ਗੁਰੂ ਨਾਨਕ ਦੇਵ ਸਾਹਿਬ ਜੀ,2025-11-05,2025-11-05,TRUE
ਸ਼ਹੀਦੀ ਦਿਹਾੜਾ ਬਾਬਾ ਦੀਪ ਸਿੰਘ ਜੀ,2025-11-13,2025-11-13,TRUE
ਸਥਾਪਨਾ ਦਿਵਸ ਸ਼੍ਰੋਮਣੀ ਗੁਰਦੁਆਰਾ ਪ੍ਰਬੰਧਕ ਕਮੇਟੀ,2025-11-13,2025-11-13,TRUE
ਗੁਰਿਆਈ ਦਿਵਸ ਸ੍ਰੀ ਗੁਰੂ ਗੋਬਿੰਦ ਸਿੰਘ ਸਾਹਿਬ ਜੀ,2025-11-22,2025-11-22,TRUE
ਸ਼ਹੀਦੀ ਦਿਹਾੜਾ ਸ੍ਰੀ ਗੁਰੂ ਤੇਗ ਬਹਾਦਰ ਸਾਹਿਬ ਜੀ,2025-11-22,2025-11-22,TRUE
ਜਨਮ ਦਿਹਾੜਾ ਸਾਹਿਬਜ਼ਾਦਾ ਬਾਬਾ ਜੋਰਾਵਰ ਸਿੰਘ ਜੀ,2025-11-28,2025-11-28,TRUE
ਸ਼ਹੀਦੀ ਦਿਹਾੜਾ ਬਾਬਾ ਗੁਰਬਖਸ਼ ਸਿੰਘ ਜੀ,2025-12-02,2025-12-02,TRUE
ਜਨਮ ਦਿਹਾੜਾ ਸਾਹਿਬਜਾਦਾ ਬਾਬਾ ਫਤਿਹ ਸਿੰਘ ਜੀ,2025-12-12,2025-12-12,TRUE
ਸਥਾਪਨਾ ਦਿਵਸ ਸ਼੍ਰੋਮਣੀ ਅਕਾਲੀ ਦਲ,2025-12-12,2025-12-12,TRUE
ਕਿਲ੍ਹਾ ਸ੍ਰੀ ਅਨੰਦਗੜ੍ਹ ਸਾਹਿਬ ਛੱਡਣਾ,2025-12-19,2025-12-19,TRUE
ਸ਼ਹੀਦੀ ਦਿਹਾੜਾ ਵੱਡੇ ਸਾਹਿਬਜਾਦੇ ਅਤੇ ਚਮਕੌਰ ਸਾਹਿਬ ਦੇ ਹੋਰ ਸ਼ਹੀਦ,2025-12-21,2025-12-21,TRUE
ਸ਼ਹੀਦੀ ਦਿਹਾੜਾ ਛੋਟੇ ਸਾਹਿਬਜ਼ਾਦੇ ਅਤੇ ਮਾਤਾ ਗੁਜਰੀ ਜੀ,2025-12-26,2025-12-26,TRUE
ਨੀਂਹ ਪੱਥਰ ਸੱਚਖੰਡ ਸ੍ਰੀ ਹਰਿਮੰਦਰ ਸਾਹਿਬ (ਸ੍ਰੀ ਅੰਮ੍ਰਿਤਸਰ),2026-01-01,2026-01-01,TRUE
ਪ੍ਰਕਾਸ ਗੁਰਪੁਰਬ ਸ੍ਰੀ ਗੁਰੂ ਗੋਬਿੰਦ ਸਿੰਘ ਸਾਹਿਬ ਜੀ,2026-01-05,2026-01-05,TRUE
ਜੋੜ-ਮੇਲਾ ਸ੍ਰੀ ਮੁਕਤਸਰ ਸਾਹਿਬ (ਮਾਘੀ),2026-01-14,2026-01-14,TRUE
ਜਨਮ ਦਿਹਾੜਾ ਬਾਬਾ ਦੀਪ ਸਿੰਘ ਜੀ,2026-01-26,2026-01-26,TRUE
ਪ੍ਰਕਾਸ ਗੁਰਪੁਰਬ ਸ੍ਰੀ ਗੁਰੂ ਹਰਿਰਾਇ ਸਾਹਿਬ ਜੀ,2026-01-31,2026-01-31,TRUE
ਜਨਮ ਦਿਹਾੜਾ ਭਗਤ ਰਵਿਦਾਸ ਜੀ,2026-02-04,2026-02-04,TRUE
ਵੱਡਾ ਘੱਲੂਘਾਰਾ ਕੁਪ-ਰਹੀੜਾ (ਸੰਗਰੂਰ),2026-02-08,2026-02-08,TRUE
ਜਨਮ ਦਿਹਾੜਾ ਸਾਹਿਬਜਾਦਾ ਬਾਬਾ ਅਜੀਤ ਸਿੰਘ ਜੀ,2026-02-10,2026-02-10,TRUE
ਸਾਕਾ ਨਨਕਾਣਾ ਸਾਹਿਬ,2026-02-21,2026-02-21,TRUE
ਹੋਲਾ ਮਹੱਲਾ,2026-03-04,2026-03-04,TRUE
